{
  "0": [
    "",
    "",
    "",
    "",
    "",
    "Healthcare providers are displaying photographs that illustrate their community outreach efforts."
  ],
  "0_score": [
    0.0,
    0.0,
    0.0,
    0.0,
    0.0,
    0.27818146015113016,
    0.27818146015113016
  ],
  "1": [
    "",
    "",
    "Workshops on networking etiquette begin in the adjoining classroom."
  ],
  "1_score": [
    0.0,
    0.0,
    0.32105120569865975,
    0.32105120569865975,
    0.32105120569865975,
    0.32105120569865975,
    0.32105120569865975
  ],
  "2": [
    "",
    "",
    "",
    "",
    "",
    "",
    "",
    "At the entrance, event staff scan registrations and hand out lanyards."
  ],
  "2_score": [
    0.0,
    0.0,
    0.0,
    0.0,
    0.0,
    0.0,
    0.0
  ],
  "3": [
    "",
    "",
    "",
    "Some students quietly rehearse elevator pitches against the wall."
  ],
  "3_score": [
    0.0,
    0.0,
    0.0,
    0.26962169343929365,
    0.26962169343929365,
    0.26962169343929365,
    0.26962169343929365
  ],
  "4": [
    "",
    "",
    "Some students rehearse elevator pitches quietly against the wall."
  ],
  "4_score": [
    0.0,
    0.0,
    0.2517356866071708,
    0.2517356866071708,
    0.2517356866071708,
    0.2517356866071708,
    0.2517356866071708
  ],
  "5": [
    "",
    "",
    "At the entrance, event staff scan registrations and hand out lanyards."
  ],
  "5_score": [
    0.0,
    0.0,
    0.3751304216956524,
    0.3751304216956524,
    0.3751304216956524,
    0.3751304216956524,
    0.3751304216956524
  ],
  "6": [
    "",
    "",
    "",
    "",
    "Students clutch resumes inside branded folders."
  ],
  "6_score": [
    0.0,
    0.0,
    0.0,
    0.0,
    0.3635177653521838,
    0.3635177653521838,
    0.3635177653521838
  ],
  "7": [
    "",
    "",
    "",
    "",
    "",
    "",
    "",
    "A group of students lines up outside the university gym in anticipation of the career fair opening."
  ],
  "7_score": [
    0.0,
    0.0,
    0.0,
    0.0,
    0.0,
    0.0,
    0.0
  ],
  "8": [
    "",
    "",
    "",
    "",
    "",
    "Human resources teams jot notes on tablets while students introduce themselves."
  ],
  "8_score": [
    0.0,
    0.0,
    0.0,
    0.0,
    0.0,
    0.3664355496158674,
    0.3664355496158674
  ],
  "9": [
    "",
    "",
    "",
    "",
    "",
    "Event staff at the entrance scan registrations and hand out lanyards."
  ],
  "9_score": [
    0.0,
    0.0,
    0.0,
    0.0,
    0.0,
    0.4189227757023398,
    0.4189227757023398
  ],
  "10": [
    "",
    "",
    "",
    "",
    "",
    "Tech companies display demo screens showing their latest apps."
  ],
  "10_score": [
    0.0,
    0.0,
    0.0,
    0.0,
    0.0,
    0.4034518193692507,
    0.4034518193692507
  ],
  "11": [
    "",
    "",
    "Career counselors remind attendees to maintain eye contact."
  ],
  "11_score": [
    0.0,
    0.0,
    0.3404783241318653,
    0.3404783241318653,
    0.3404783241318653,
    0.3404783241318653,
    0.3404783241318653
  ],
  "12": [
    "",
    "",
    "",
    "",
    "",
    "Groups of friends mark target employers on the event map."
  ],
  "12_score": [
    0.0,
    0.0,
    0.0,
    0.0,
    0.0,
    0.3812926829585004,
    0.3812926829585004
  ],
  "13": [
    "",
    "",
    "",
    "",
    "",
    "",
    ""
  ],
  "13_score": [
    0.0,
    0.0,
    0.0,
    0.0,
    0.0,
    0.0,
    0.0
  ],
  "14": [
    "",
    "",
    "",
    "",
    "Groups of friends mark target employers on the event map."
  ],
  "14_score": [
    0.0,
    0.0,
    0.0,
    0.0,
    0.3812926829585004,
    0.3812926829585004,
    0.3812926829585004
  ],
  "15": [
    "",
    "",
    "Nearby the coffee station, alumni volunteers are giving brief pep talks."
  ],
  "15_score": [
    0.0,
    0.0,
    0.28197898101210994,
    0.28197898101210994,
    0.28197898101210994,
    0.28197898101210994,
    0.28197898101210994
  ],
  "16": [
    "",
    "",
    "",
    "",
    "",
    "",
    ""
  ],
  "16_score": [
    0.0,
    0.0,
    0.0,
    0.0,
    0.0,
    0.0,
    0.0
  ],
  "17": [
    "",
    "",
    "",
    "Dozens of booths with colorful banners circle the polished floor."
  ],
  "17_score": [
    0.0,
    0.0,
    0.0,
    0.35364264634182757,
    0.35364264634182757,
    0.35364264634182757,
    0.35364264634182757
  ],
  "18": [
    "",
    "",
    "",
    "",
    "",
    "",
    "Students line up outside the university gym before the career fair opens."
  ],
  "18_score": [
    0.0,
    0.0,
    0.0,
    0.0,
    0.0,
    0.0,
    0.4061364062322907
  ],
  "19": [
    "",
    "",
    "",
    "",
    "",
    "",
    ""
  ],
  "19_score": [
    0.0,
    0.0,
    0.0,
    0.0,
    0.0,
    0.0,
    0.0
  ],
  "20": [
    "",
    "",
    "",
    "",
    "",
    "",
    ""
  ],
  "20_score": [
    0.0,
    0.0,
    0.0,
    0.0,
    0.0,
    0.0,
    0.0
  ],
  "21": [
    "",
    "",
    "",
    "",
    "",
    "",
    "Students line up outside the university gym before the career fair opens."
  ],
  "21_score": [
    0.0,
    0.0,
    0.0,
    0.0,
    0.0,
    0.0,
    0.4061364062322907
  ],
  "22": [
    "",
    "",
    "",
    "Groups of friends mark target employers on the event map."
  ],
  "22_score": [
    0.0,
    0.0,
    0.0,
    0.3812926829585004,
    0.3812926829585004,
    0.3812926829585004,
    0.3812926829585004
  ],
  "23": [
    "",
    "",
    "A welcome announcement is being broadcast over the PA system, outlining the schedule for the fair."
  ],
  "23_score": [
    0.0,
    0.0,
    0.3841615643779121,
    0.3841615643779121,
    0.3841615643779121,
    0.3841615643779121,
    0.3841615643779121
  ],
  "24": [
    "",
    "",
    "",
    "",
    "",
    "",
    "Healthcare providers showcase community outreach photos."
  ],
  "24_score": [
    0.0,
    0.0,
    0.0,
    0.0,
    0.0,
    0.0,
    0.30314353222554347
  ],
  "25": [
    "",
    "",
    "",
    "",
    "",
    "",
    ""
  ],
  "25_score": [
    0.0,
    0.0,
    0.0,
    0.0,
    0.0,
    0.0,
    0.0
  ],
  "26": [
    "",
    "",
    "",
    "",
    "Finance firms offer QR codes for immediate internship applications."
  ],
  "26_score": [
    0.0,
    0.0,
    0.0,
    0.0,
    0.38653269686466674,
    0.38653269686466674,
    0.38653269686466674
  ],
  "27": [
    "",
    "",
    "An alumni panel discusses how to prepare for technical interviews."
  ],
  "27_score": [
    0.0,
    0.0,
    0.4562845553238129,
    0.4562845553238129,
    0.4562845553238129,
    0.4562845553238129,
    0.4562845553238129
  ],
  "28": [
    "",
    "",
    "",
    "",
    "",
    "",
    "Career counselors redirect unsure students toward applicable industries. The scene centers on counselors and unsure students, with the counselors performing the redirect toward industries that are applicable to the students."
  ],
  "28_score": [
    0.0,
    0.0,
    0.0,
    0.0,
    0.0,
    0.0,
    0.41025331768768364
  ],
  "29": [
    "",
    "",
    "",
    "",
    "",
    "",
    ""
  ],
  "29_score": [
    0.0,
    0.0,
    0.0,
    0.0,
    0.0,
    0.0,
    0.0
  ],
  "30": [
    "",
    "",
    "",
    "Students clutch resumes inside branded folders."
  ],
  "30_score": [
    0.0,
    0.0,
    0.0,
    0.3635177653521838,
    0.3635177653521838,
    0.3635177653521838,
    0.3635177653521838
  ],
  "31": [
    "",
    "",
    "",
    "",
    "Finance firms offer QR codes to enable immediate internship applications."
  ],
  "31_score": [
    0.0,
    0.0,
    0.0,
    0.0,
    0.4153972696751894,
    0.4153972696751894,
    0.4153972696751894
  ],
  "32": [
    "",
    "Healthcare providers showcase community outreach photos."
  ],
  "32_score": [
    0.0,
    0.30314353222554347,
    0.30314353222554347,
    0.30314353222554347,
    0.30314353222554347,
    0.30314353222554347,
    0.30314353222554347
  ],
  "33": [
    "",
    "",
    "",
    "",
    "",
    "",
    "",
    "At the entrance, event staff scan registrations and hand out lanyards."
  ],