{
  "self_learning": {
    "timesteps": [
      1,
      2,
      3,
      4,
      5,
      6,
      7,
      8,
      9,
      10,
      11,
      12,
      13,
      14,
      15,
      16,
      17,
      18,
      19,
      20,
      21,
      22,
      23,
      24,
      25,
      26,
      27,
      28,
      29,
      30,
      31,
      32,
      33,
      34,
      35,
      36,
      37,
      38,
      39,
      40,
      41,
      42,
      43,
      44,
      45,
      46,
      47,
      48,
      49,
      50,
      51,
      52,
      53,
      54,
      55,
      56,
      57,
      58,
      59,
      60,
      61,
      62,
      63,
      64,
      65,
      66
    ],
    "mean": [
      0.03020461230396805,
      0.12906728169905807,
      0.28062642306900804,
      0.3724471618129662,
      0.44283084518623866,
      0.4831757231605364,
      0.5166270242826214,
      0.5346534479563878,
      0.5550939601945795,
      0.5758480476990985,
      0.5947653082473106,
      0.6087373896172763,
      0.6297946708410954,
      0.6372585962167601,
      0.6443675805767775,
      0.6497848687877356,
      0.661062991067601,
      0.6691222570820831,
      0.6753211922977818,
      0.6832929354181101,
      0.6890407180764351,
      0.6951139172289745,
      0.7026984913958791,
      0.7041063056498537,
      0.7091920961900722,
      0.7116676313527729,
      0.7141688875442059,
      0.7194565179330448,
      0.7225124808083556,
      0.725531024553594,
      0.7295240941710786,
      0.73252827927706,
      0.7351767318699224,
      0.7353208241394781,
      0.7354034952941665,
      0.7377857232091146,
      0.7405200419781854,
      0.7411754293942718,
      0.7424774183992845,
      0.7450505802751975,
      0.7465134965461222,
      0.7474792857826645,
      0.7460743727231186,
      0.746298738317707,
      0.7484319521592604,
      0.749947263248663,
      0.7515595298404759,
      0.7524359177734454,
      0.7548488395106684,
      0.7551099838077653,
      0.7563075553944162,
      0.7584883655407155,
      0.761185584118228,
      0.7614313285222437,
      0.7632695119740288,
      0.7631914721157564,
      0.7644036583820979,
      0.7652176311120128,
      0.7656798693791897,
      0.765434490810058,
      0.7667835605117201,
      0.7670216538272604,
      0.7672480065095236,
      0.7686819475906174,
      0.7688172835847921,
      0.7709425306961709
    ],
    "std": [
      0.039982658742922526,
      0.10293746830316748,
      0.09254826542580351,
      0.07216051731247636,
      0.048571122345997086,
      0.04472383792148998,
      0.03874140674117615,
      0.03601709548738105,
      0.03717963239680536,
      0.03533065341891999,
      0.03576233223961608,
      0.0374382541149365,
      0.035850789918792765,
      0.034736590928088125,
      0.0364177470025541,
      0.03814329944892284,
      0.03671181630788546,
      0.03405800940016504,
      0.03326372380401892,
      0.03228360231703796,
      0.033460620361979845,
      0.034037614021807334,
      0.03546608314765637,
      0.03603874819018535,
      0.03759013797366035,
      0.0356386558199846,
      0.03440358765690216,
      0.036296338425119035,
      0.03400262146527734,
      0.033534533666135916,
      0.034633326875976304,
      0.03389971370879858,
      0.03384379780139993,
      0.035407826788098076,
      0.034994171881542066,
      0.03421985556411238,
      0.03181919494962451,
      0.032409292274987025,
      0.0313178318786743,
      0.0326199108925477,
      0.03204442281467257,
      0.031633191230135665,
      0.03200301297541293,
      0.031680677132919575,
      0.03259107819007968,
      0.03350244745108354,
      0.034315728089153515,
      0.033697851591662796,
      0.03303523412807203,
      0.03361374061185029,
      0.03451496046740113,
      0.03501540853879431,
      0.033092066359950593,
      0.03292511268448334,
      0.03292916587699761,
      0.0338446036927152,
      0.03346528197568432,
      0.03395473446599446,
      0.03292592249277009,
      0.03269284290166847,
      0.03286461436309282,
      0.03350241002401557,
      0.034810010081356105,
      0.033988499725915895,
      0.0333300103429256,
      0.03146510070015343
    ],
    "variance": [
      0.0015986130001529992,
      0.01059612238066561,
      0.008565181433324976,
      0.0052071402588042,
      0.0023591539259498174,
      0.002000221678427705,
      0.0015008965962852487,
      0.0012972311673471245,
      0.0013823250651615784,
      0.001248255071007843,
      0.0012789444072166835,
      0.00140162287117456,
      0.001285279137801413,
      0.0012066307493053341,
      0.0013262522967420383,
      0.0014549112928501976,
      0.0013477574566239249,
      0.0011599480043017303,
      0.0011064753213100552,
      0.0010422309785646587,
      0.0011196131150085402,
      0.0011585591682975352,
      0.001257843053836475,
      0.0012987913711155878,
      0.0014130184728788219,
      0.001270113788655322,
      0.0011836068436661504,
      0.0013174241830707725,
      0.0011561782665109393,
      0.0011245649482052031,
      0.0011994673304982226,
      0.0011491905895385064,
      0.0011454026496220426,
      0.0012537141978559558,
      0.0012245920656749093,
      0.0011709985148287132,
      0.0010124611672422102,
      0.0010503622257655337,
      0.000980806593580908,
      0.001064058586637752,
      0.0010268450335255079,
      0.001000658787402332,
      0.0010241928395044483,
      0.0010036653036002933,
      0.0010621783775918872,
      0.0011224139852126142,
      0.0011775691942887195,
      0.0011355452018937309,
      0.001091326693896535,
      0.0011298835579207534,
      0.0011912824960662628,
      0.0012260788351386696,
      0.0010950848559713737,
      0.0010840630452859255,
      0.0010843299653548238,
      0.0011454571991169513,
      0.0011199250977120617,
      0.001152923992656192,
      0.0010841163719999035,
      0.0010688219769931745,
      0.001080082877234807,
      0.001122411477417259,
      0.0012117368018641137,
      0.001155218113618585,
      0.0011108895894595273,
      0.0009900525620707959
    ]
  },
  "social_learning": {
    "timesteps": [
      1,
      2,
      3,
      4,
      5,
      6,
      7,
      8,
      9,
      10,
      11,
      12,
      13,
      14,
      15,
      16,
      17,
      18,
      19,
      20,
      21,
      22,
      23,
      24,
      25,
      26,
      27,
      28,
      29,
      30,
      31,
      32,
      33,
      34,
      35,
      36,
      37,
      38,
      39,
      40,
      41,
      42,
      43,
      44,
      45,
      46,
      47,
      48,
      49,
      50,
      51,
      52,
      53,
      54,
      55,
      56,
      57,
      58,
      59,
      60,
      61,
      62,
      63,
      64,
      65,
      66
    ],