{
  "self_learning": {
    "timesteps": [
      1,
      2,
      3,
      4,
      5,
      6,
      7,
      8,
      9,
      10,
      11,
      12,
      13,
      14,
      15,
      16,
      17,
      18,
      19,
      20,
      21,
      22,
      23,
      24,
      25,
      26,
      27,
      28,
      29,
      30,
      31,
      32,
      33,
      34,
      35,
      36,
      37,
      38,
      39,
      40,
      41,
      42,
      43,
      44,
      45,
      46,
      47,
      48,
      49,
      50,
      51,
      52,
      53,
      54,
      55,
      56,
      57,
      58,
      59,
      60,
      61,
      62,
      63,
      64,
      65,
      66
    ],
    "mean": [
      0.0,
      0.022366355550452632,
      0.14342959978689002,
      0.2403574021568384,
      0.2965662988267427,
      0.3219861485643685,
      0.3445076021844581,
      0.3551301597602206,
      0.37165632212078215,
      0.38907136812047116,
      0.4065587231314053,
      0.42513857967494856,
      0.4394679856846282,
      0.4580046061815965,
      0.4718142896120137,
      0.4864332250521543,
      0.5031721728014233,
      0.5184936571407964,
      0.53583879350392,
      0.5527487405412519,
      0.5636424062796778,
      0.5796861702940803,
      0.590598267342724,
      0.603709219468659,
      0.615313424849392,
      0.6270030442428781,
      0.6376520706306534,
      0.6470750694029153,
      0.6567057571775214,
      0.6635087301217422,
      0.6702818937598888,
      0.6733686907526355,
      0.6817553126576472,
      0.6875853657665886,
      0.6946381514142257,
      0.701901485262035,
      0.7066220646421165,
      0.7137253166049632,
      0.7207565241993099,
      0.7256456081099433,
      0.730101937929084,
      0.7357618595231281,
      0.7387339647505491,
      0.7408190168719854,
      0.7454804870349626,
      0.7492342820515161,
      0.7550945923227884,
      0.7576321756163462,
      0.7609632207329282,
      0.7619948539036345,
      0.7637724969684134,
      0.7653176738488522,
      0.7701809143051151,
      0.773768900401777,
      0.7756561714810085,
      0.7752965595210338,
      0.7782995726707707,
      0.7809391068147424,
      0.7819921639488538,
      0.7853049463927869,
      0.7880574467519122,
      0.789937736086399,
      0.7923434761231682,
      0.7944467672029439,
      0.7991150685151499,
      0.7996164755256594
    ],
    "std": [
      0.0,
      0.02606363876414343,
      0.055804968870023085,
      0.04593526058835079,
      0.028805916292254603,
      0.026818691430195073,
      0.024388449553741524,
      0.023617956787911513,
      0.027783580246515723,
      0.029499383513021185,
      0.030159869009032204,
      0.0382769153398047,
      0.04162020236661267,
      0.03966000096862307,
      0.03921736155979575,
      0.04318947726948871,
      0.04549763257317537,
      0.04711555613060692,
      0.04854247445529427,
      0.05340762441049185,
      0.0561271366147399,
      0.06044884613921562,
      0.06398478820088746,
      0.06032436437955988,
      0.06247225901565716,
      0.06483516951766764,
      0.0655970080246262,
      0.06729974604585981,
      0.06699711294964521,
      0.06760838873104817,
      0.06744230541642121,
      0.06670378810426603,
      0.0640052255681685,
      0.06601258151397503,
      0.06521430774947683,
      0.0642822652670508,
      0.06382983120835245,
      0.056495681157949194,
      0.05064062511148922,
      0.04739251075566954,
      0.04886855323060349,
      0.04497398908766807,
      0.04575750439626386,
      0.04490367305794367,
      0.044811490618481165,
      0.04305316054817619,
      0.04022369613709136,
      0.03856057114015445,
      0.03642674822318477,
      0.033451588165839694,
      0.03202671616373084,
      0.03102805423689936,
      0.028589766325840323,
      0.0283268642336587,
      0.03019530448458672,
      0.03000666168920454,
      0.02914453655468468,
      0.028263867186543903,
      0.02729018838773218,
      0.028654726120242544,
      0.027860732890905123,
      0.029009071677730137,
      0.028151821462395143,
      0.02854426266782755,
      0.026571269383811345,
      0.025293032704060327
    ],
    "variance": [
      0.0,
      0.00067931326562776,
      0.0031141945505842455,
      0.0021100481653196935,
      0.0008297808134363791,
      0.0007192422100280187,
      0.0005947964716353952,
      0.0005578078828356555,
      0.0007719273313145787,
      0.0008702136276483062,
      0.0009096176986419812,
      0.0014651222479305764,
      0.001732241245037791,
      0.001572915676831183,
      0.0015380014477117455,
      0.0018653309468116821,
      0.0020700345697636686,
      0.002219875629496371,
      0.002356371826242897,
      0.0028523743451721647,
      0.0031502554645696764,
      0.003654062999562563,
      0.004094053121112427,
      0.003639028937797913,
      0.003902783146519357,
      0.0042035992063847,
      0.0043029674617828745,
      0.004529255817837223,
      0.0044886131435875175,
      0.0045708942268085214,
      0.004548464559881837,
      0.004449395347458822,
      0.00409666890003213,
      0.004357660918139198,
      0.004252905935243473,
      0.004132209627863486,
      0.004074247352086765,
      0.0031917619895006554,
      0.0025644729116823927,
      0.002246050075726253,
      0.0023881354948523266,
      0.002022659694457687,
      0.0020937492085741066,
      0.0020163398540946962,
      0.0020080696914502255,
      0.001853574633187035,
      0.0016179457309290586,
      0.0014869176466549125,
      0.0013269079861152949,
      0.0011190087508169463,
      0.0010257105482321782,
      0.0009627401497279683,
      0.0008173747385661533,
      0.0008024112373121325,
      0.0009117564129169029,
      0.0009003997457303755,
      0.0008494040109873514,
      0.0007988461883385932,
      0.0007447543822379123,
      0.0008210933290261102,
      0.0007762204372183625,
      0.0008415262396036848,
      0.0007925250516505718,
      0.0008147749312499336,
      0.0007060323566670701,
      0.0006397375033686652
    ]
  },
  "social_learning": {
    "timesteps": [
      1,
      2,
      3,
      4,
      5,
      6,
      7,
      8,
      9,
      10,
      11,
      12,
      13,
      14,
      15,
      16,
      17,
      18,
      19,
      20,
      21,
      22,
      23,
      24,
      25,
      26,
      27,
      28,
      29,
      30,
      31,
      32,
      33,
      34,
      35,
      36,
      37,
      38,
      39,
      40,
      41,
      42,
      43,
      44,
      45,
      46,
      47,
      48,
      49,
      50,
      51,
      52,
      53,
      54,
      55,
      56,
      57,
      58,
      59,
      60,
      61,
      62,
      63,
      64,
      65,
      66
    ],