{
  "0": [
    "",
    "",
    "\"\""
  ],
  "0_score": [
    0.0,
    0.0,
    0.19703881442546847,
    0.19703881442546847,
    0.19703881442546847,
    0.19703881442546847,
    0.19703881442546847
  ],
  "1": [
    "",
    "",
    "\"\""
  ],
  "1_score": [
    0.0,
    0.0,
    0.19703881442546847,
    0.19703881442546847,
    0.19703881442546847,
    0.19703881442546847,
    0.19703881442546847
  ],
  "2": [
    "",
    "",
    "Consulting firms stack glossy case study booklets on high tables."
  ],
  "2_score": [
    0.0,
    0.0,
    0.30883971387844156,
    0.30883971387844156,
    0.30883971387844156,
    0.30883971387844156,
    0.30883971387844156
  ],
  "3": [
    "",
    "",
    "",
    "",
    "",
    "",
    "",
    "\"\""
  ],
  "3_score": [
    0.0,
    0.0,
    0.0,
    0.0,
    0.0,
    0.0,
    0.0
  ],
  "4": [
    "",
    "",
    "",
    "Finance firms offer QR codes for immediate internship applications."
  ],
  "4_score": [
    0.0,
    0.0,
    0.0,
    0.38653269686466674,
    0.38653269686466674,
    0.38653269686466674,
    0.38653269686466674
  ],
  "5": [
    "",
    "",
    "",
    "",
    "",
    "",
    "",
    "\"\""
  ],
  "5_score": [
    0.0,
    0.0,
    0.0,
    0.0,
    0.0,
    0.0,
    0.0
  ],
  "6": [
    "",
    "",
    "",
    "",
    "",
    "",
    "",
    "A cybersecurity company runs a password cracking challenge on a laptop."
  ],
  "6_score": [
    0.0,
    0.0,
    0.0,
    0.0,
    0.0,
    0.0,
    0.0
  ],
  "7": [
    "",
    "",
    "",
    "",
    "",
    "",
    "",
    "\"\""
  ],
  "7_score": [
    0.0,
    0.0,
    0.0,
    0.0,
    0.0,
    0.0,
    0.0
  ],
  "8": [
    "",
    "",
    "",
    "",
    "",
    "",
    "",
    ""
  ],
  "8_score": [
    0.0,
    0.0,
    0.0,
    0.0,
    0.0,
    0.0,
    0.0,
    0.0
  ],
  "9": [
    "",
    "\"\""
  ],
  "9_score": [
    0.0,
    0.19703881442546847,
    0.19703881442546847,
    0.19703881442546847,
    0.19703881442546847,
    0.19703881442546847,
    0.19703881442546847
  ],
  "10": [
    "",
    "",
    "",
    "",
    "",
    "",
    "",
    ""
  ],
  "10_score": [
    0.0,
    0.0,
    0.0,
    0.0,
    0.0,
    0.0,
    0.0,
    0.0
  ],
  "11": [
    "",
    "",
    "",
    "",
    "",
    "\"\""
  ],
  "11_score": [
    0.0,
    0.0,
    0.0,
    0.0,
    0.0,
    0.19703881442546847,
    0.19703881442546847
  ],
  "12": [
    "",
    "",
    "",
    "",
    "",
    "",
    "\"\""
  ],
  "12_score": [
    0.0,
    0.0,
    0.0,
    0.0,
    0.0,
    0.0,
    0.19703881442546847
  ],
  "13": [
    "",
    "",
    "\"\""
  ],
  "13_score": [
    0.0,
    0.0,
    0.19703881442546847,
    0.19703881442546847,
    0.19703881442546847,
    0.19703881442546847,
    0.19703881442546847
  ],
  "14": [
    "",
    "\"\""
  ],
  "14_score": [
    0.0,
    0.19703881442546847,
    0.19703881442546847,
    0.19703881442546847,
    0.19703881442546847,
    0.19703881442546847,
    0.19703881442546847
  ],
  "15": [
    "",
    "",
    "\"\""
  ],
  "15_score": [
    0.0,
    0.0,
    0.19703881442546847,
    0.19703881442546847,
    0.19703881442546847,
    0.19703881442546847,
    0.19703881442546847
  ],
  "16": [
    "",
    "",
    "",
    "",
    "",
    "",
    "",
    ""
  ],
  "16_score": [
    0.0,
    0.0,
    0.0,
    0.0,
    0.0,
    0.0,
    0.0,
    0.0
  ],
  "17": [
    "",
    "",
    "",
    "",
    "",
    "",
    "",
    ""
  ],
  "17_score": [
    0.0,
    0.0,
    0.0,
    0.0,
    0.0,
    0.0,
    0.0,
    0.0
  ],
  "18": [
    "",
    "",
    "Some students rehearse elevator pitches quietly against the wall."
  ],
  "18_score": [
    0.0,
    0.0,
    0.2517356866071708,
    0.2517356866071708,
    0.2517356866071708,
    0.2517356866071708,
    0.2517356866071708
  ],
  "19": [
    "",
    "",
    "\"\""
  ],
  "19_score": [
    0.0,
    0.0,
    0.19703881442546847,
    0.19703881442546847,
    0.19703881442546847,
    0.19703881442546847,
    0.19703881442546847
  ],
  "20": [
    "",
    "",
    "\"\""
  ],
  "20_score": [
    0.0,
    0.0,
    0.19703881442546847,
    0.19703881442546847,
    0.19703881442546847,
    0.19703881442546847,
    0.19703881442546847
  ],
  "21": [
    "",
    "",
    "",
    "",
    "",
    "",
    "",
    ""
  ],
  "21_score": [
    0.0,
    0.0,
    0.0,
    0.0,
    0.0,
    0.0,
    0.0,
    0.0
  ],
  "22": [
    "",
    "",
    "",
    "",
    "",
    "",
    "",
    ""
  ],
  "22_score": [
    0.0,
    0.0,
    0.0,
    0.0,
    0.0,
    0.0,
    0.0,
    0.0
  ],
  "23": [
    "",
    "",
    "",
    "",
    "",
    "",
    "",
    ""
  ],
  "23_score": [
    0.0,
    0.0,
    0.0,
    0.0,
    0.0,
    0.0,
    0.0,
    0.0
  ],
  "24": [
    "",
    "\"\""
  ],
  "24_score": [
    0.0,
    0.19703881442546847,
    0.19703881442546847,
    0.19703881442546847,
    0.19703881442546847,
    0.19703881442546847,
    0.19703881442546847
  ],
  "25": [
    "",
    "",
    "",
    "",
    "",
    "",
    "",
    "",
    ""
  ],
  "25_score": [
    0.0,
    0.0,
    0.0,
    0.0,
    0.0,
    0.0,
    0.0,
    0.0
  ],
  "26": [
    "",
    "",
    "",
    "",
    "",
    "",
    "",
    "\"\""
  ],
  "26_score": [
    0.0,
    0.0,
    0.0,
    0.0,
    0.0,
    0.0,
    0.0
  ],
  "27": [
    "",
    "",
    "",
    "",
    "",
    "",
    "",
    ""
  ],
  "27_score": [
    0.0,
    0.0,
    0.0,
    0.0,
    0.0,
    0.0,
    0.0,
    0.0
  ],
  "28": [
    "",
    "",
    "",
    "",
    "",
    "",
    "\"\""
  ],
  "28_score": [
    0.0,
    0.0,
    0.0,
    0.0,
    0.0,
    0.0,
    0.19703881442546847
  ],
  "29": [
    "",
    "",
    "\"\""
  ],
  "29_score": [
    0.0,
    0.0,
    0.19703881442546847,
    0.19703881442546847,
    0.19703881442546847,
    0.19703881442546847,
    0.19703881442546847
  ],
  "30": [
    "",
    "",
    "",
    "",
    "",
    "",
    "",
    ""
  ],
  "30_score": [
    0.0,
    0.0,
    0.0,
    0.0,
    0.0,
    0.0,
    0.0,
    0.0
  ],
  "31": [
    "",
    "",
    "",
    "\"\""
  ],
  "31_score": [
    0.0,
    0.0,
    0.0,
    0.19703881442546847,
    0.19703881442546847,
    0.19703881442546847,
    0.19703881442546847
  ],
  "32": [
    "",
    "\"\""
  ],
  "32_score": [
    0.0,
    0.19703881442546847,
    0.19703881442546847,
    0.19703881442546847,
    0.19703881442546847,
    0.19703881442546847,
    0.19703881442546847
  ],
  "33": [
    "",
    "",
    "",
    "",
    "",
    "",
    "\"\""
  ],
  "33_score": [
    0.0,
    0.0,
    0.0,
    0.0,
    0.0,
    0.0,
    0.19703881442546847
  ],
  "34": [
    "",
    "",
    "",
    "",
    "",
    "",
    "",
    "\"\""
  ],
  "34_score": [
    0.0,
    0.0,
    0.0,
    0.0,
    0.0,
    0.0,
    0.0
  ],
  "35": [
    "",
    "",
    "",
    "",
    "",
    "",
    "",
    "",
    ""
  ],
  "35_score": [
    0.0,
    0.0,
    0.0,
    0.0,
    0.0,
    0.0,
    0.0,
    0.0
  ],
  "36": [
    "",
    "",
    "\"\""
  ],
  "36_score": [
    0.0,
    0.0,
    0.19703881442546847,
    0.19703881442546847,
    0.19703881442546847,
    0.19703881442546847,
    0.19703881442546847
  ],
  "37": [
    "",
    "",
    "",
    "",
    "",
    "",
    "",
    "",
    ""
  ],
  "37_score": [
    0.0,
    0.0,
    0.0,
    0.0,
    0.0,
    0.0,
    0.0,
    0.0
  ],
  "38": [
    "",
    "",
    "\"\""
  ],
  "38_score": [
    0.0,
    0.0,
    0.19703881442546847,
    0.19703881442546847,
    0.19703881442546847,
    0.19703881442546847,
    0.19703881442546847
  ],
  "39": [
    "",
    "",
    "\"\""
  ],
  "39_score": [
    0.0,
    0.0,
    0.19703881442546847,
    0.19703881442546847,
    0.19703881442546847,
    0.19703881442546847,
    0.19703881442546847
  ],
  "40": [
    "",
    "",
    "",
    "",
    "\"\""
  ],
  "40_score": [
    0.0,
    0.0,
    0.0,
    0.0,
    0.19703881442546847,
    0.19703881442546847,
    0.19703881442546847
  ],
  "41": [
    "",
    "",
    "",
    "",
    "",
    "",
    "",
    ""
  ],