{
  "0": [
    "",
    "",
    "\"\"",
    "\"\""
  ],
  "0_score": [
    0.0,
    0.0,
    0.19703881442546847,
    0.19703881442546847,
    0.19703881442546847,
    0.19703881442546847,
    0.19703881442546847
  ],
  "1": [
    "",
    "",
    "Career counselors remind attendees to maintain eye contact."
  ],
  "1_score": [
    0.0,
    0.0,
    0.3404783241318653,
    0.3404783241318653,
    0.3404783241318653,
    0.3404783241318653,
    0.3404783241318653
  ],
  "2": [
    "",
    "",
    "",
    "",
    "",
    "",
    "\"\""
  ],
  "2_score": [
    0.0,
    0.0,
    0.0,
    0.0,
    0.0,
    0.0,
    0.19703881442546847
  ],
  "3": [
    "",
    "",
    "A welcome announcement is being broadcast over the PA system, outlining the fair schedule.",
    "A welcome announcement is being broadcast over the PA system, outlining the fair schedule, and groups of friends are marking target employers on the event map."
  ],
  "3_score": [
    0.0,
    0.0,
    0.36941914481635313,
    0.36941914481635313,
    0.36941914481635313,
    0.36941914481635313,
    0.36941914481635313
  ],
  "4": [
    "",
    "",
    "",
    "",
    "",
    "",
    "\"\""
  ],
  "4_score": [
    0.0,
    0.0,
    0.0,
    0.0,
    0.0,
    0.0,
    0.19703881442546847
  ],
  "5": [
    "",
    "",
    "",
    "",
    "",
    "\"\""
  ],
  "5_score": [
    0.0,
    0.0,
    0.0,
    0.0,
    0.0,
    0.19703881442546847,
    0.19703881442546847
  ],
  "6": [
    "",
    "\"\"",
    "\"\""
  ],
  "6_score": [
    0.0,
    0.19703881442546847,
    0.19703881442546847,
    0.19703881442546847,
    0.19703881442546847,
    0.19703881442546847,
    0.19703881442546847
  ],
  "7": [
    "",
    "",
    "\"\"",
    "\"\""
  ],
  "7_score": [
    0.0,
    0.0,
    0.19703881442546847,
    0.19703881442546847,
    0.19703881442546847,
    0.19703881442546847,
    0.19703881442546847
  ],
  "8": [
    "",
    "",
    "",
    "",
    "\"\""
  ],
  "8_score": [
    0.0,
    0.0,
    0.0,
    0.0,
    0.19703881442546847,
    0.19703881442546847,
    0.19703881442546847
  ],
  "9": [
    "",
    "",
    "",
    "",
    "\"\""
  ],
  "9_score": [
    0.0,
    0.0,
    0.0,
    0.0,
    0.19703881442546847,
    0.19703881442546847,
    0.19703881442546847
  ],
  "10": [
    "",
    "",
    "",
    "",
    "\"\""
  ],
  "10_score": [
    0.0,
    0.0,
    0.0,
    0.0,
    0.19703881442546847,
    0.19703881442546847,
    0.19703881442546847
  ],
  "11": [
    "",
    "",
    "\"\"",
    "\"\""
  ],
  "11_score": [
    0.0,
    0.0,
    0.19703881442546847,
    0.19703881442546847,
    0.19703881442546847,
    0.19703881442546847,
    0.19703881442546847
  ],
  "12": [
    "",
    "",
    "\"\"",
    "\"\""
  ],
  "12_score": [
    0.0,
    0.0,
    0.19703881442546847,
    0.19703881442546847,
    0.19703881442546847,
    0.19703881442546847,
    0.19703881442546847
  ],
  "13": [
    "",
    "",
    "",
    "",
    "",
    "",
    "Workshops on networking etiquette begin in the adjoining classroom."
  ],
  "13_score": [
    0.0,
    0.0,
    0.0,
    0.0,
    0.0,
    0.0,
    0.32105120569865975
  ],
  "14": [
    "",
    "",
    "",
    "",
    "",
    "",
    "Career counselors redirect unsure students toward applicable industries."
  ],
  "14_score": [
    0.0,
    0.0,
    0.0,
    0.0,
    0.0,
    0.0,
    0.3883903097600283
  ],
  "15": [
    "",
    "\"\"",
    "\"\""
  ],
  "15_score": [
    0.0,
    0.19703881442546847,
    0.19703881442546847,
    0.19703881442546847,
    0.19703881442546847,
    0.19703881442546847,
    0.19703881442546847
  ],
  "16": [
    "",
    "",
    "",
    "",
    "",
    "Tech companies display demo screens showing their latest apps."
  ],
  "16_score": [
    0.0,
    0.0,
    0.0,
    0.0,
    0.0,
    0.4034518193692507,
    0.4034518193692507
  ],
  "17": [
    "",
    "",
    "",
    "In the adjoining classroom, workshops on networking etiquette have begun."
  ],
  "17_score": [
    0.0,
    0.0,
    0.0,
    0.28625171781472425,
    0.28625171781472425,
    0.28625171781472425,
    0.28625171781472425
  ],
  "18": [
    "",
    "",
    "",
    "",
    "",
    "",
    "",
    ""
  ],
  "18_score": [
    0.0,
    0.0,
    0.0,
    0.0,
    0.0,
    0.0,
    0.0
  ],
  "19": [
    "",
    "",
    "",
    "",
    "A welcome announcement is broadcast via the PA system, outlining the fair schedule."
  ],
  "19_score": [
    0.0,
    0.0,
    0.0,
    0.0,
    0.38252070469374877,
    0.38252070469374877,
    0.38252070469374877
  ],
  "20": [
    "",
    "",
    "",
    "",
    "",
    "\"\""
  ],
  "20_score": [
    0.0,
    0.0,
    0.0,
    0.0,
    0.0,
    0.19703881442546847,
    0.19703881442546847
  ],
  "21": [
    "",
    "",
    "",
    "Several students clutch resumes inside branded folders."
  ],
  "21_score": [
    0.0,
    0.0,
    0.0,
    0.3703045111388506,
    0.3703045111388506,
    0.3703045111388506,
    0.3703045111388506
  ],
  "22": [
    "",
    "",
    "",
    "",
    "",
    "\"\""
  ],
  "22_score": [
    0.0,
    0.0,
    0.0,
    0.0,
    0.0,
    0.19703881442546847,
    0.19703881442546847
  ],
  "23": [
    "",
    "",
    "",
    "",
    "\"\""
  ],
  "23_score": [
    0.0,
    0.0,
    0.0,
    0.0,
    0.19703881442546847,
    0.19703881442546847,
    0.19703881442546847
  ],
  "24": [
    "",
    "",
    "",
    "",
    "",
    "",
    "\"\""
  ],
  "24_score": [
    0.0,
    0.0,
    0.0,
    0.0,
    0.0,
    0.0,
    0.19703881442546847
  ],
  "25": [
    "",
    "",
    "",
    "",
    "\"\""
  ],
  "25_score": [
    0.0,
    0.0,
    0.0,
    0.0,
    0.19703881442546847,
    0.19703881442546847,
    0.19703881442546847
  ],
  "26": [
    "",
    "",
    "",
    "",
    "",
    "",
    "",
    ""
  ],
  "26_score": [
    0.0,
    0.0,
    0.0,
    0.0,
    0.0,
    0.0,
    0.0
  ],
  "27": [
    "",
    "",
    "",
    "",
    "Consulting firms stack glossy case study booklets on high tables."
  ],
  "27_score": [
    0.0,
    0.0,
    0.0,
    0.0,
    0.30883971387844156,
    0.30883971387844156,
    0.30883971387844156
  ],
  "28": [
    "",
    "",
    "",
    "\"\""
  ],
  "28_score": [
    0.0,
    0.0,
    0.0,
    0.19703881442546847,
    0.19703881442546847,
    0.19703881442546847,
    0.19703881442546847
  ],
  "29": [
    "",
    "",
    "",
    "",
    "",
    "",
    "Groups of friends mark target employers on the event map."
  ],
  "29_score": [
    0.0,
    0.0,
    0.0,
    0.0,
    0.0,
    0.0,
    0.3812926829585004
  ],
  "30": [
    "",
    "",
    "",
    "",
    "",
    "\"\""
  ],
  "30_score": [
    0.0,
    0.0,
    0.0,
    0.0,
    0.0,
    0.19703881442546847,
    0.19703881442546847
  ],
  "31": [
    "",
    "",
    "",
    "",
    "",
    "",
    "\"\""
  ],
  "31_score": [
    0.0,
    0.0,
    0.0,
    0.0,
    0.0,
    0.0,
    0.19703881442546847
  ],
  "32": [
    "",
    "",
    "",
    "",
    "\"\""
  ],
  "32_score": [
    0.0,
    0.0,
    0.0,
    0.0,
    0.19703881442546847,
    0.19703881442546847,
    0.19703881442546847
  ],
  "33": [
    "",
    "",
    "",
    "",
    "",
    "\"\""
  ],
  "33_score": [
    0.0,
    0.0,
    0.0,
    0.0,
    0.0,
    0.19703881442546847,
    0.19703881442546847
  ],
  "34": [
    "",
    "",
    "",
    "",
    "",
    "\"\""
  ],
  "34_score": [
    0.0,
    0.0,
    0.0,
    0.0,
    0.0,
    0.19703881442546847,
    0.19703881442546847
  ],
  "35": [
    "",
    "",
    "",
    "",
    "\"\""
  ],
  "35_score": [
    0.0,
    0.0,
    0.0,
    0.0,
    0.19703881442546847,
    0.19703881442546847,
    0.19703881442546847
  ],
  "36": [
    "",
    "",
    "\"\"",
    "\"\""
  ],
  "36_score": [
    0.0,
    0.0,
    0.19703881442546847,
    0.19703881442546847,
    0.19703881442546847,
    0.19703881442546847,
    0.19703881442546847
  ],
  "37": [
    "",
    "",
    "",
    "",
    "",
    "",
    ""
  ],
  "37_score": [
    0.0,
    0.0,
    0.0,
    0.0,
    0.0,
    0.0,
    0.0
  ],