{
  "0": [
    "",
    "",
    "Groups of friends mark target employers on the event map.",
    "Groups of friends mark target employers on the event map."
  ],
  "0_score": [
    0.0,
    0.0,
    0.3812926829585004,
    0.3812926829585004,
    0.3812926829585004,
    0.3812926829585004,
    0.3812926829585004,
    0.3812926829585004
  ],
  "1": [
    "",
    "",
    "",
    "",
    "\"\""
  ],
  "1_score": [
    0.0,
    0.0,
    0.0,
    0.0,
    0.19703881442546847,
    0.19703881442546847,
    0.19703881442546847,
    0.19703881442546847
  ],
  "2": [
    "",
    "",
    "\"\""
  ],
  "2_score": [
    0.0,
    0.0,
    0.19703881442546847,
    0.19703881442546847,
    0.19703881442546847,
    0.19703881442546847,
    0.19703881442546847,
    0.19703881442546847
  ],
  "3": [
    "",
    "",
    "",
    "",
    "",
    "\"\""
  ],
  "3_score": [
    0.0,
    0.0,
    0.0,
    0.0,
    0.0,
    0.19703881442546847,
    0.19703881442546847,
    0.19703881442546847
  ],
  "4": [
    "",
    "",
    "",
    "",
    "",
    "\"\""
  ],
  "4_score": [
    0.0,
    0.0,
    0.0,
    0.0,
    0.0,
    0.19703881442546847,
    0.19703881442546847,
    0.19703881442546847
  ],
  "5": [
    "",
    "",
    "",
    "",
    "",
    "",
    "",
    "",
    ""
  ],
  "5_score": [
    0.0,
    0.0,
    0.0,
    0.0,
    0.0,
    0.0,
    0.0,
    0.0
  ],
  "6": [
    "",
    "",
    "",
    "",
    "\"\""
  ],
  "6_score": [
    0.0,
    0.0,
    0.0,
    0.0,
    0.19703881442546847,
    0.19703881442546847,
    0.19703881442546847,
    0.19703881442546847
  ],
  "7": [
    "",
    "",
    "",
    "",
    "\"\""
  ],
  "7_score": [
    0.0,
    0.0,
    0.0,
    0.0,
    0.19703881442546847,
    0.19703881442546847,
    0.19703881442546847,
    0.19703881442546847
  ],
  "8": [
    "",
    "",
    "",
    "",
    "",
    "",
    "",
    "\"\""
  ],
  "8_score": [
    0.0,
    0.0,
    0.0,
    0.0,
    0.0,
    0.0,
    0.19703881442546847,
    0.19703881442546847
  ],
  "9": [
    "",
    "",
    "",
    "\"\"",
    "\"\""
  ],
  "9_score": [
    0.0,
    0.0,
    0.0,
    0.19703881442546847,
    0.19703881442546847,
    0.19703881442546847,
    0.19703881442546847,
    0.19703881442546847
  ],
  "10": [
    "",
    "",
    "",
    "\"\""
  ],
  "10_score": [
    0.0,
    0.0,
    0.0,
    0.19703881442546847,
    0.19703881442546847,
    0.19703881442546847,
    0.19703881442546847,
    0.19703881442546847
  ],
  "11": [
    "",
    "",
    "",
    "",
    "",
    "Students line up outside the university gym before the career fair opens."
  ],
  "11_score": [
    0.0,
    0.0,
    0.0,
    0.0,
    0.0,
    0.4061364062322907,
    0.4061364062322907,
    0.4061364062322907
  ],
  "12": [
    "",
    "\"\"",
    "Students line up outside the university gym before the career fair opens."
  ],
  "12_score": [
    0.0,
    0.19703881442546847,
    0.19703881442546847,
    0.19703881442546847,
    0.19703881442546847,
    0.19703881442546847,
    0.19703881442546847,
    0.4061364062322907
  ],
  "13": [
    "",
    "\"\"",
    "\"\""
  ],
  "13_score": [
    0.0,
    0.19703881442546847,
    0.19703881442546847,
    0.19703881442546847,
    0.19703881442546847,
    0.19703881442546847,
    0.19703881442546847,
    0.19703881442546847
  ],
  "14": [
    "",
    "Tech companies display demo screens showing their latest apps.",
    "Tech companies display demo screens showing their latest apps."
  ],
  "14_score": [
    0.0,
    0.4034518193692507,
    0.4034518193692507,
    0.4034518193692507,
    0.4034518193692507,
    0.4034518193692507,
    0.4034518193692507,
    0.4034518193692507
  ],
  "15": [
    "",
    "",
    "Career counselors redirect unsure students toward applicable industries.",
    "Career counselors redirect unsure students toward applicable industries."
  ],
  "15_score": [
    0.0,
    0.0,
    0.3883903097600283,
    0.3883903097600283,
    0.3883903097600283,
    0.3883903097600283,
    0.3883903097600283,
    0.3883903097600283
  ],
  "16": [
    "",
    "",
    "",
    "",
    "",
    "\"\""
  ],
  "16_score": [
    0.0,
    0.0,
    0.0,
    0.0,
    0.0,
    0.19703881442546847,
    0.19703881442546847,
    0.19703881442546847
  ],
  "17": [
    "",
    "",
    "",
    "Career counselors redirect unsure students toward applicable industries."
  ],
  "17_score": [
    0.0,
    0.0,
    0.0,
    0.3883903097600283,
    0.3883903097600283,
    0.3883903097600283,
    0.3883903097600283,
    0.3883903097600283
  ],
  "18": [
    "",
    "",
    "\"\"",
    "\"\""
  ],
  "18_score": [
    0.0,
    0.0,
    0.19703881442546847,
    0.19703881442546847,
    0.19703881442546847,
    0.19703881442546847,
    0.19703881442546847,
    0.19703881442546847
  ],
  "19": [
    "",
    "",
    "",
    "",
    "Alumni volunteers are gathered near the coffee station, sharing short pep talks."
  ],
  "19_score": [
    0.0,
    0.0,
    0.0,
    0.0,
    0.2596097065150778,
    0.2596097065150778,
    0.2596097065150778,
    0.2596097065150778
  ],
  "20": [
    "",
    "\"\"",
    "Consulting firms stack glossy case study booklets on high tables."
  ],
  "20_score": [
    0.0,
    0.19703881442546847,
    0.19703881442546847,
    0.19703881442546847,
    0.19703881442546847,
    0.19703881442546847,
    0.19703881442546847,
    0.30883971387844156
  ],
  "21": [
    "",
    "",
    "Career counselors remind attendees to maintain eye contact.",
    "The scene centers on event check-in and behavioral guidance: at the entrance, staff scan registrations and hand out lanyards to attendees, while career counselors remind attendees to maintain eye contact."
  ],
  "21_score": [
    0.0,
    0.0,
    0.3404783241318653,
    0.3404783241318653,
    0.3404783241318653,
    0.3404783241318653,
    0.3404783241318653,
    0.3404783241318653
  ],
  "22": [
    "",
    "",
    "",
    "",
    "\"\""
  ],
  "22_score": [
    0.0,
    0.0,
    0.0,
    0.0,
    0.19703881442546847,
    0.19703881442546847,
    0.19703881442546847,
    0.19703881442546847
  ],
  "23": [
    "",
    "",
    "",
    "",
    "",
    "\"\""
  ],
  "23_score": [
    0.0,
    0.0,
    0.0,
    0.0,
    0.0,
    0.19703881442546847,
    0.19703881442546847,
    0.19703881442546847
  ],
  "24": [
    "",
    "",
    "",
    "",
    "\"\""
  ],
  "24_score": [
    0.0,
    0.0,
    0.0,
    0.0,
    0.19703881442546847,
    0.19703881442546847,
    0.19703881442546847,
    0.19703881442546847
  ],
  "25": [
    "",
    "",
    "\"\"",
    "Finance firms are offering QR codes to facilitate immediate internship applications."
  ],
  "25_score": [
    0.0,
    0.0,
    0.19703881442546847,
    0.19703881442546847,
    0.19703881442546847,
    0.19703881442546847,
    0.19703881442546847,
    0.40726678485577716
  ],
  "26": [
    "",
    "",
    "",
    "\"\"",
    "Students clutch resumes inside branded folders."
  ],
  "26_score": [
    0.0,
    0.0,
    0.0,
    0.19703881442546847,
    0.19703881442546847,
    0.19703881442546847,
    0.19703881442546847,
    0.19703881442546847
  ],
  "27": [
    "",
    "",
    "",
    "",
    "Several students rehearse elevator pitches quietly against the wall."
  ],
  "27_score": [
    0.0,
    0.0,
    0.0,
    0.0,
    0.2631824606130607,
    0.2631824606130607,
    0.2631824606130607,
    0.2631824606130607
  ],
  "28": [
    "",
    "",
    "",
    "",
    "\"\""
  ],
  "28_score": [
    0.0,
    0.0,
    0.0,
    0.0,
    0.19703881442546847,
    0.19703881442546847,
    0.19703881442546847,
    0.19703881442546847
  ],
  "29": [
    "",
    "",
    "",
    "",
    "\"\""
  ],
  "29_score": [
    0.0,
    0.0,
    0.0,
    0.0,
    0.19703881442546847,
    0.19703881442546847,
    0.19703881442546847,
    0.19703881442546847
  ],