{
  "0": [
    "",
    "",
    "",
    "",
    "Healthcare providers showcase community outreach photos."
  ],
  "0_score": [
    0.0,
    0.0,
    0.0,
    0.0,
    0.30314353222554347,
    0.30314353222554347,
    0.30314353222554347,
    0.30314353222554347
  ],
  "1": [
    "",
    "",
    "Workshops on networking etiquette begin in the adjoining classroom.",
    "Workshops on networking etiquette begin in the adjoining classroom, while consulting firms stack glossy case study booklets on high tables."
  ],
  "1_score": [
    0.0,
    0.0,
    0.32105120569865975,
    0.32105120569865975,
    0.32105120569865975,
    0.32105120569865975,
    0.32105120569865975,
    0.32105120569865975
  ],
  "2": [
    "",
    "",
    "",
    "",
    "",
    "",
    "Event staff are at the entrance, scanning registrations and handing out lanyards."
  ],
  "2_score": [
    0.0,
    0.0,
    0.0,
    0.0,
    0.0,
    0.0,
    0.3719216324662594,
    0.3719216324662594
  ],
  "3": [
    "",
    "",
    "",
    "",
    "Some students rehearse elevator pitches quietly against the wall.",
    "Some students rehearse elevator pitches quietly against a wall, while a cybersecurity company runs a password cracking challenge on a laptop."
  ],
  "3_score": [
    0.0,
    0.0,
    0.0,
    0.0,
    0.2517356866071708,
    0.2517356866071708,
    0.2517356866071708,
    0.2517356866071708
  ],
  "4": [
    "",
    "",
    "Some students rehearse elevator pitches quietly against the wall."
  ],
  "4_score": [
    0.0,
    0.0,
    0.2517356866071708,
    0.2517356866071708,
    0.2517356866071708,
    0.2517356866071708,
    0.2517356866071708,
    0.2517356866071708
  ],
  "5": [
    "",
    "",
    "At the event entrance, staff scan registrations and hand out lanyards to attendees.",
    "At the event entrance, staff scan registrations and hand out lanyards to attendees. Groups of friends mark target employers on the event map."
  ],
  "5_score": [
    0.0,
    0.0,
    0.3788557855790993,
    0.3788557855790993,
    0.3788557855790993,
    0.3788557855790993,
    0.3788557855790993,
    0.5803972563066153
  ],
  "6": [
    "",
    "",
    "",
    "",
    "Students clutch resumes inside branded folders."
  ],
  "6_score": [
    0.0,
    0.0,
    0.0,
    0.0,
    0.3635177653521838,
    0.3635177653521838,
    0.3635177653521838,
    0.3635177653521838
  ],
  "7": [
    "",
    "",
    "",
    "",
    "",
    "",
    "Students line up outside the university gym ahead of the career fair opening."
  ],
  "7_score": [
    0.0,
    0.0,
    0.0,
    0.0,
    0.0,
    0.0,
    0.4208914794220261,
    0.4208914794220261
  ],
  "8": [
    "",
    "",
    "",
    "",
    "",
    "In the scene, human resources teams jot notes on tablets while students introduce themselves."
  ],
  "8_score": [
    0.0,
    0.0,
    0.0,
    0.0,
    0.0,
    0.34394117140671704,
    0.34394117140671704,
    0.34394117140671704
  ],
  "9": [
    "",
    "",
    "",
    "",
    "Event staff scan registrations and hand out lanyards at the entrance."
  ],
  "9_score": [
    0.0,
    0.0,
    0.0,
    0.0,
    0.4158364650772636,
    0.4158364650772636,
    0.4158364650772636,
    0.4158364650772636
  ],
  "10": [
    "",
    "",
    "",
    "",
    "",
    "Tech companies display demo screens showing their latest apps."
  ],
  "10_score": [
    0.0,
    0.0,
    0.0,
    0.0,
    0.0,
    0.4034518193692507,
    0.4034518193692507,
    0.4034518193692507
  ],
  "11": [
    "",
    "",
    "In a setting with career counselors and attendees, counselors remind attendees to maintain eye contact.",
    "In a career fair-like setting, counselors and attendees are present. Counselors remind attendees to maintain eye contact. Dozens of booths, each adorned with colorful banners, circle the polished floor."
  ],
  "11_score": [
    0.0,
    0.0,
    0.25680130664898804,
    0.25680130664898804,
    0.25680130664898804,
    0.25680130664898804,
    0.25680130664898804,
    0.25680130664898804
  ],
  "12": [
    "",
    "",
    "",
    "",
    "",
    "Groups of friends mark target employers on the event map."
  ],
  "12_score": [
    0.0,
    0.0,
    0.0,
    0.0,
    0.0,
    0.3812926829585004,
    0.3812926829585004,
    0.3812926829585004
  ],
  "13": [
    "",
    "A line of students forms outside the university gym ahead of the career fair opening.",
    "A line of students forms outside the university gym ahead of the career fair opening. Alumni volunteers share quick pep talks near the coffee station."
  ],
  "13_score": [
    0.0,
    0.3921090074075989,
    0.3921090074075989,
    0.3921090074075989,
    0.3921090074075989,
    0.3921090074075989,
    0.4767645044659626,
    0.4767645044659626
  ],
  "14": [
    "",
    "",
    "",
    "",
    "Groups of friends mark target employers on the event map."
  ],
  "14_score": [
    0.0,
    0.0,
    0.0,
    0.0,
    0.3812926829585004,
    0.3812926829585004,
    0.3812926829585004,
    0.3812926829585004
  ],
  "15": [
    "",
    "",
    "Alumni volunteers share quick pep talks near the coffee station."
  ],
  "15_score": [
    0.0,
    0.0,
    0.33928313829666595,
    0.33928313829666595,
    0.33928313829666595,
    0.33928313829666595,
    0.33928313829666595,
    0.33928313829666595
  ],
  "16": [
    "",
    "",
    "",
    "",
    "Event staff at the entrance scan registrations and hand out lanyards."
  ],
  "16_score": [
    0.0,
    0.0,
    0.0,
    0.0,
    0.4189227757023398,
    0.4189227757023398,
    0.4189227757023398,
    0.4189227757023398
  ],
  "17": [
    "",
    "",
    "",
    "Dozens of booths form a circle around a polished floor, each booth displaying colorful banners.",
    "Dozens of booths form a circle around a polished floor, each booth displaying colorful banners. Career counselors redirect unsure students toward applicable industries."
  ],
  "17_score": [
    0.0,
    0.0,
    0.0,
    0.342920323368909,
    0.342920323368909,
    0.342920323368909,
    0.342920323368909,
    0.342920323368909
  ],
  "18": [
    "",
    "",
    "",
    "Students line up outside the university gym before the career fair opens."
  ],
  "18_score": [
    0.0,
    0.0,
    0.0,
    0.4061364062322907,
    0.4061364062322907,
    0.4061364062322907,
    0.4061364062322907,
    0.4061364062322907
  ],
  "19": [
    "",
    "",
    "",
    "",
    "",
    "",
    "Consulting firms stack glossy case study booklets on high tables."
  ],
  "19_score": [
    0.0,
    0.0,
    0.0,
    0.0,
    0.0,
    0.0,
    0.30883971387844156,
    0.30883971387844156
  ],
  "20": [
    "",
    "",
    "",
    "",
    "",
    "",
    "A robotics startup uses a small drone, flown above its booth, to attract attention."
  ],
  "20_score": [
    0.0,
    0.0,
    0.0,
    0.0,
    0.0,
    0.0,
    0.3479264210069083,
    0.3479264210069083
  ],
  "21": [
    "",
    "",
    "",
    "",
    "",
    "Students line up outside the university gym before the career fair opens."
  ],
  "21_score": [
    0.0,
    0.0,
    0.0,
    0.0,
    0.0,
    0.4061364062322907,
    0.4061364062322907,
    0.4061364062322907
  ],
  "22": [
    "",
    "",
    "Groups of friends mark target employers on the event map."
  ],
  "22_score": [
    0.0,
    0.0,
    0.3812926829585004,
    0.3812926829585004,
    0.3812926829585004,
    0.3812926829585004,
    0.3812926829585004,
    0.3812926829585004
  ],
  "23": [
    "",
    "",
    "A welcome announcement outlines the fair schedule over the PA system."
  ],
  "23_score": [
    0.0,
    0.0,
    0.4366145737661652,
    0.4366145737661652,
    0.4366145737661652,
    0.4366145737661652,
    0.4366145737661652,
    0.4366145737661652
  ],
  "24": [
    "",
    "",
    "",
    "",
    "",
    "Healthcare providers showcase photos of community outreach; the images depict healthcare workers participating in outreach activities."
  ],