{
  "self_learning": {
    "timesteps": [
      1,
      2,
      3,
      4,
      5,
      6,
      7,
      8,
      9,
      10,
      11,
      12,
      13,
      14,
      15,
      16,
      17,
      18,
      19,
      20,
      21,
      22,
      23,
      24,
      25,
      26,
      27,
      28,
      29,
      30,
      31,
      32,
      33,
      34,
      35,
      36,
      37,
      38,
      39,
      40,
      41,
      42,
      43,
      44,
      45,
      46,
      47,
      48,
      49,
      50,
      51,
      52,
      53,
      54,
      55,
      56,
      57,
      58,
      59,
      60,
      61,
      62,
      63,
      64,
      65,
      66
    ],
    "mean": [
      0.0,
      0.01636048881245404,
      0.13449978805488708,
      0.2674484587012845,
      0.31235427662724435,
      0.35213191929499266,
      0.38783435891373175,
      0.4170629305664466,
      0.4376523433863768,
      0.46687551850981845,
      0.49082858853746997,
      0.5211863562501056,
      0.549652462848484,
      0.5683260334406299,
      0.5858680875519778,
      0.6073329312579284,
      0.6226643974318908,
      0.6385042417510057,
      0.6448871962125738,
      0.6617542524759356,
      0.6700544878787852,
      0.6900228029245435,
      0.69781343739629,
      0.7124414149454087,
      0.7214355265078511,
      0.7273518575177639,
      0.7344957446997006,
      0.7397554541304128,
      0.7449229618436876,
      0.7476849941180816,
      0.7524242320498606,
      0.7537174016005614,
      0.7571911910621636,
      0.761112562310272,
      0.7642380777582534,
      0.7682619180340245,
      0.7695998692041899,
      0.7724429307184478,
      0.7729615170891865,
      0.7756563709101286,
      0.7759615585707448,
      0.7788068379882824,
      0.7797373006724042,
      0.7820381264181075,
      0.7842389520526619,
      0.7856235283637859,
      0.7880639189271008,
      0.7886380605049849,
      0.7912923338208551,
      0.7926018083068,
      0.7911969539396163,
      0.7918445626300219,
      0.794152503866744,
      0.7940754262803996,
      0.7946645906669745,
      0.7944511735109474,
      0.7955695026582635,
      0.7978287019309914,
      0.7976332884143115,
      0.7979412315293835,
      0.7970174011705526,
      0.7970871603595504,
      0.7944730170720063,
      0.7965621148070342,
      0.7967550658337061,
      0.7981207352771367
    ],
    "std": [
      0.0,
      0.02640806900138062,
      0.06686435679458154,
      0.0579547405709212,
      0.0447967061783349,
      0.03393676375434168,
      0.0337371373798968,
      0.0352589294856682,
      0.03644532771430131,
      0.04068246002991367,
      0.0494395347954131,
      0.05334612406959483,
      0.05062713855680664,
      0.055057149432986605,
      0.06082817204024423,
      0.052965524485599734,
      0.048668544579913896,
      0.04155520553735959,
      0.04121993208986616,
      0.03708087426812356,
      0.03964159571007335,
      0.03777169111910137,
      0.035102235507499524,
      0.032617115280284006,
      0.0275853469563116,
      0.026642425657886125,
      0.02953160895828153,
      0.02879744972745766,
      0.0315359235210841,
      0.03454161147076233,
      0.03457371513096463,
      0.0348248710960493,
      0.03595245323015435,
      0.03823590787202125,
      0.035921031319241264,
      0.035526105997859936,
      0.034923988318664535,
      0.034005394964527126,
      0.03361941803061545,
      0.03334525045022988,
      0.03235602415931177,
      0.03213418966794319,
      0.03135329708297708,
      0.030616956263978395,
      0.02972933559088793,
      0.029977231719380187,
      0.031052752793814316,
      0.03192839652969071,
      0.03267340693974396,
      0.03267637875044809,
      0.03029772222076139,
      0.030384343905328515,
      0.03048890711735477,
      0.031161156080652935,
      0.031246536468251554,
      0.035922780225399666,
      0.03544896042315589,
      0.03544982699729442,
      0.03734294925746005,
      0.03856059295993759,
      0.03983137398971517,
      0.03887519365154845,
      0.03811319532309988,
      0.03521751933098415,
      0.03543509568297413,
      0.03599081385280943
    ],
    "variance": [
      0.0,
      0.0006973861083816801,
      0.004470842209553102,
      0.0033587519546427794,
      0.002006744884428068,
      0.0011517039341179993,
      0.00113819443859003,
      0.0012431921084753224,
      0.0013282619122028192,
      0.0016550625540855235,
      0.0024442676007868625,
      0.002845808953248605,
      0.0025631071584500975,
      0.0030312897036862173,
      0.00370006651375755,
      0.002805346784034665,
      0.002368627231527066,
      0.0017268351072522014,
      0.0016990828014931778,
      0.0013749912364883878,
      0.0015714561104409057,
      0.0014267006499968013,
      0.0012321669376239603,
      0.0010638762092073364,
      0.0007609513667000896,
      0.0007098188449359889,
      0.000872115927664854,
      0.0008292931108054512,
      0.0009945144723276654,
      0.0011931229229971,
      0.0011953417779570928,
      0.00121277164685645,
      0.0012925788932664358,
      0.001461984650797697,
      0.001290320491037912,
      0.0012621042073711797,
      0.0012196849600822168,
      0.001156366886693487,
      0.0011302652687172714,
      0.001111905727588556,
      0.0010469122993979668,
      0.0010326061456153468,
      0.000983029237973419,
      0.0009373980108703659,
      0.0008838333946756359,
      0.0008986344215574136,
      0.0009642734560737428,
      0.001019422504957166,
      0.0010675515210501086,
      0.0010677457282427356,
      0.0009179519717664186,
      0.0009232083545572741,
      0.0009295734572106864,
      0.0009710176482828134,
      0.0009763460412617743,
      0.0012904461391223653,
      0.0012566287950824724,
      0.001256690234138104,
      0.0013944958592452359,
      0.0014869193294219886,
      0.001586538353908558,
      0.0015112806814453928,
      0.0014526156577367628,
      0.0012402736678282424,
      0.0012556460060615317,
      0.0012953386817875791
    ]
  },
  "social_learning": {
    "timesteps": [
      1,
      2,
      3,
      4,
      5,
      6,
      7,
      8,
      9,
      10,
      11,
      12,
      13,
      14,
      15,
      16,
      17,
      18,
      19,
      20,
      21,
      22,
      23,
      24,
      25,
      26,
      27,
      28,
      29,
      30,
      31,
      32,
      33,
      34,
      35,
      36,
      37,
      38,
      39,
      40,
      41,
      42,
      43,
      44,
      45,
      46,
      47,
      48,
      49,
      50,
      51,
      52,
      53,
      54,
      55,
      56,
      57,
      58,
      59,
      60,
      61,
      62,
      63,
      64,
      65,
      66
    ],