{
  "0": [
    "",
    "",
    "",
    "Consulting firms stack glossy case study booklets on high tables.",
    "Consulting firms stack glossy case study booklets on high tables."
  ],
  "0_score": [
    0.0,
    0.0,
    0.0,
    0.30883971387844156,
    0.30883971387844156,
    0.30883971387844156
  ],
  "1": [
    "",
    "",
    "Career counselors remind attendees to maintain eye contact.",
    "Career counselors remind attendees to maintain eye contact."
  ],
  "1_score": [
    0.0,
    0.0,
    0.3404783241318653,
    0.3404783241318653,
    0.3404783241318653,
    0.3404783241318653
  ],
  "2": [
    "",
    "",
    "",
    "\"\"",
    "\"\"",
    "\"\""
  ],
  "2_score": [
    0.0,
    0.0,
    0.0,
    0.19703881442546847,
    0.19703881442546847,
    0.19703881442546847
  ],
  "3": [
    "",
    "",
    "",
    "",
    "",
    "",
    "An alumni panel discusses how to prepare for technical interviews."
  ],
  "3_score": [
    0.0,
    0.0,
    0.0,
    0.0,
    0.0,
    0.4562845553238129
  ],
  "4": [
    "",
    "",
    "An alumni panel discusses how to prepare for technical interviews.",
    "An alumni panel discusses how to prepare for technical interviews."
  ],
  "4_score": [
    0.0,
    0.0,
    0.4562845553238129,
    0.4562845553238129,
    0.4562845553238129,
    0.4562845553238129
  ],
  "5": [
    "",
    "",
    "\"\"",
    "\"\""
  ],
  "5_score": [
    0.0,
    0.0,
    0.19703881442546847,
    0.19703881442546847,
    0.19703881442546847,
    0.19703881442546847
  ],
  "6": [
    "",
    "",
    "\"\"",
    "Groups of friends mark target employers on the event map."
  ],
  "6_score": [
    0.0,
    0.0,
    0.19703881442546847,
    0.19703881442546847,
    0.19703881442546847,
    0.19703881442546847
  ],
  "7": [
    "",
    "",
    "",
    "",
    "A welcome announcement outlines the fair schedule over the PA system."
  ],
  "7_score": [
    0.0,
    0.0,
    0.0,
    0.0,
    0.4366145737661652,
    0.4366145737661652
  ],
  "8": [
    "",
    "",
    "\"\"",
    "\"\""
  ],
  "8_score": [
    0.0,
    0.0,
    0.19703881442546847,
    0.19703881442546847,
    0.19703881442546847,
    0.19703881442546847
  ],
  "9": [
    "",
    "",
    "\"\"",
    "\"\""
  ],
  "9_score": [
    0.0,
    0.0,
    0.19703881442546847,
    0.19703881442546847,
    0.19703881442546847,
    0.19703881442546847
  ],
  "10": [
    "",
    "",
    "Consulting firms stack glossy case study booklets on high tables.",
    "Consulting firms stack glossy case study booklets on high tables."
  ],
  "10_score": [
    0.0,
    0.0,
    0.30883971387844156,
    0.30883971387844156,
    0.30883971387844156,
    0.30883971387844156
  ],
  "11": [
    "",
    "",
    "\"\"",
    "\"\""
  ],
  "11_score": [
    0.0,
    0.0,
    0.19703881442546847,
    0.19703881442546847,
    0.19703881442546847,
    0.19703881442546847
  ],
  "12": [
    "",
    "The engineering society sponsors a resume review table near the stage.",
    "The engineering society sponsors a resume review table near the stage.",
    "The engineering society sponsors a resume review table near the stage."
  ],
  "12_score": [
    0.0,
    0.41316526323728114,
    0.41316526323728114,
    0.41316526323728114,
    0.41316526323728114,
    0.41316526323728114
  ],
  "13": [
    "",
    "\"\"",
    "\"\"",
    "\"\""
  ],
  "13_score": [
    0.0,
    0.19703881442546847,
    0.19703881442546847,
    0.19703881442546847,
    0.19703881442546847,
    0.19703881442546847
  ],
  "14": [
    "",
    "",
    "",
    "",
    "At the entrance, event staff scan registrations and hand out lanyards."
  ],
  "14_score": [
    0.0,
    0.0,
    0.0,
    0.0,
    0.3751304216956524,
    0.3751304216956524
  ],
  "15": [
    "",
    "",
    "",
    "",
    "",
    "",
    ""
  ],
  "15_score": [
    0.0,
    0.0,
    0.0,
    0.0,
    0.0,
    0.0
  ],
  "16": [
    "",
    "\"\"",
    "\"\"",
    "Workshops on networking etiquette begin in the adjoining classroom."
  ],
  "16_score": [
    0.0,
    0.19703881442546847,
    0.19703881442546847,
    0.19703881442546847,
    0.19703881442546847,
    0.19703881442546847
  ],
  "17": [
    "",
    "",
    "",
    "\"\""
  ],
  "17_score": [
    0.0,
    0.0,
    0.0,
    0.19703881442546847,
    0.19703881442546847,
    0.19703881442546847
  ],
  "18": [
    "",
    "",
    "",
    "The engineering society sponsors a resume review table near the stage.",
    "At the event, the engineering society sponsors a resume review table located near the stage."
  ],
  "18_score": [
    0.0,
    0.0,
    0.0,
    0.41316526323728114,
    0.41316526323728114,
    0.37785387061223225
  ],
  "19": [
    "",
    "",
    "",
    "Students clutch resumes inside branded folders."
  ],
  "19_score": [
    0.0,
    0.0,
    0.0,
    0.3635177653521838,
    0.3635177653521838,
    0.3635177653521838
  ],
  "20": [
    "",
    "",
    "",
    "",
    "A cybersecurity company runs a password cracking challenge on a laptop."
  ],
  "20_score": [
    0.0,
    0.0,
    0.0,
    0.0,
    0.3441129678399232,
    0.3441129678399232
  ],
  "21": [
    "",
    "",
    "",
    "",
    "",
    ""
  ],
  "21_score": [
    0.0,
    0.0,
    0.0,
    0.0,
    0.0,
    0.0
  ],
  "22": [
    "",
    "",
    "\"\"",
    "\"\""
  ],
  "22_score": [
    0.0,
    0.0,
    0.19703881442546847,
    0.19703881442546847,
    0.19703881442546847,
    0.19703881442546847
  ],
  "23": [
    "",
    "",
    "",
    "Students line up outside the university gym, awaiting the opening of the career fair.",
    "Students line up outside the university gym in anticipation of the career fair’s opening, while career counselors remind attendees to maintain eye contact."
  ],
  "23_score": [
    0.0,
    0.0,
    0.0,
    0.3416955351830324,
    0.3416955351830324,
    0.3416955351830324
  ],
  "24": [
    "",
    "",
    "",
    "",
    "\"\""
  ],
  "24_score": [
    0.0,
    0.0,
    0.0,
    0.19703881442546847,
    0.19703881442546847,
    0.19703881442546847
  ],
  "25": [
    "",
    "\"\"",
    "\"\"",
    "\"\""
  ],
  "25_score": [
    0.0,
    0.19703881442546847,
    0.19703881442546847,
    0.19703881442546847,
    0.19703881442546847,
    0.19703881442546847
  ],
  "26": [
    "",
    "\"\"",
    "\"\"",
    "\"\""
  ],
  "26_score": [
    0.0,
    0.19703881442546847,
    0.19703881442546847,
    0.19703881442546847,
    0.19703881442546847,
    0.19703881442546847
  ],
  "27": [
    "",
    "",
    "\"\"",
    "\"\""
  ],
  "27_score": [
    0.0,
    0.0,
    0.19703881442546847,
    0.19703881442546847,
    0.19703881442546847,
    0.19703881442546847
  ],
  "28": [
    "",
    "\"\"",
    "\"\"",
    "\"\""
  ],
  "28_score": [
    0.0,
    0.19703881442546847,
    0.19703881442546847,
    0.19703881442546847,
    0.19703881442546847,
    0.19703881442546847
  ],
  "29": [
    "",
    "",
    "",
    "",
    "",
    "",
    ""
  ],
  "29_score": [
    0.0,
    0.0,
    0.0,
    0.0,
    0.0,
    0.0
  ],
  "30": [
    "",
    "",
    "\"\""
  ],
  "30_score": [
    0.0,
    0.0,
    0.19703881442546847,
    0.19703881442546847,
    0.19703881442546847,
    0.19703881442546847
  ],
  "31": [
    "",
    "",
    "\"\"",
    "\"\""
  ],
  "31_score": [
    0.0,
    0.0,
    0.19703881442546847,
    0.19703881442546847,
    0.19703881442546847,
    0.19703881442546847
  ],
  "32": [
    "",
    "",
    "",
    "",
    "",
    "",
    "Career counselors redirect unsure students toward applicable industries."
  ],
  "32_score": [
    0.0,
    0.0,
    0.0,
    0.0,
    0.0,
    0.3883903097600283
  ],
  "33": [
    "",
    "",
    "",
    "Career counselors redirect unsure students toward applicable industries.",
    "Career counselors redirect unsure students toward applicable industries."
  ],
  "33_score": [
    0.0,
    0.0,
    0.0,
    0.3883903097600283,
    0.3883903097600283,
    0.3883903097600283
  ],
  "34": [
    "",
    "",
    "",
    "",
    "\"\""
  ],