{
  "0": [
    "",
    "",
    "",
    "Tech companies display demo screens showing their latest apps.",
    "Tech companies display demo screens showing their latest apps, while students line up outside the university gym before the career fair opens."
  ],
  "0_score": [
    0.0,
    0.0,
    0.0,
    0.3491750663559545,
    0.3491750663559545,
    0.3491750663559545,
    0.501356686208402,
    0.501356686208402
  ],
  "1": [
    "",
    "",
    "",
    "",
    "",
    "A welcome announcement is being broadcast over the PA system, outlining the fair schedule.",
    "A welcome announcement is being broadcast over the PA system, outlining the fair schedule, while tech companies display demo screens showing their latest apps."
  ],
  "1_score": [
    0.0,
    0.0,
    0.0,
    0.0,
    0.0,
    0.37625052656497104,
    0.37625052656497104,
    0.4245087655958091
  ],
  "2": [
    "",
    "",
    "",
    "\"\"",
    "\"\""
  ],
  "2_score": [
    0.0,
    0.0,
    0.0,
    0.20695639997720722,
    0.20695639997720722,
    0.20695639997720722,
    0.20695639997720722,
    0.20695639997720722
  ],
  "3": [
    "",
    "",
    "",
    "At the entrance, event staff scan registrations and hand out lanyards."
  ],
  "3_score": [
    0.0,
    0.0,
    0.0,
    0.35883157518854175,
    0.35883157518854175,
    0.35883157518854175,
    0.35883157518854175,
    0.35883157518854175
  ],
  "4": [
    "",
    "\"\"",
    "\"\"",
    "Consulting firms stack glossy case study booklets on high tables."
  ],
  "4_score": [
    0.0,
    0.20695639997720722,
    0.20695639997720722,
    0.20695639997720722,
    0.20695639997720722,
    0.20695639997720722,
    0.20695639997720722,
    0.3210969859128918
  ],
  "5": [
    "",
    "\"\"",
    "Career counselors remind attendees to maintain eye contact."
  ],
  "5_score": [
    0.0,
    0.20695639997720722,
    0.20695639997720722,
    0.20695639997720722,
    0.20695639997720722,
    0.3869073571690684,
    0.3869073571690684,
    0.3869073571690684
  ],
  "6": [
    "",
    "",
    "",
    "\"\"",
    "\"\"",
    "\"\""
  ],
  "6_score": [
    0.0,
    0.0,
    0.0,
    0.20695639997720722,
    0.20695639997720722,
    0.20695639997720722,
    0.20695639997720722,
    0.20695639997720722
  ],
  "7": [
    "",
    "",
    "Career counselors remind attendees to maintain eye contact.",
    "Career counselors remind attendees to maintain eye contact.",
    "Career counselors remind attendees to maintain eye contact."
  ],
  "7_score": [
    0.0,
    0.0,
    0.3869073571690684,
    0.3869073571690684,
    0.3869073571690684,
    0.3869073571690684,
    0.3869073571690684,
    0.3869073571690684
  ],
  "8": [
    "",
    "",
    "",
    "Students clutch resumes inside branded folders.",
    "Students clutch resumes inside branded folders."
  ],
  "8_score": [
    0.0,
    0.0,
    0.0,
    0.3770798247546496,
    0.3770798247546496,
    0.3770798247546496,
    0.3770798247546496,
    0.3770798247546496
  ],
  "9": [
    "",
    "\"\"",
    "\"\"",
    "Career counselors remind attendees to maintain eye contact."
  ],
  "9_score": [
    0.0,
    0.20695639997720722,
    0.20695639997720722,
    0.20695639997720722,
    0.20695639997720722,
    0.3869073571690684,
    0.3869073571690684,
    0.3869073571690684
  ]
}