{
  "self_learning": {
    "timesteps": [
      1,
      2,
      3,
      4,
      5,
      6,
      7,
      8,
      9,
      10,
      11,
      12,
      13,
      14,
      15,
      16,
      17,
      18,
      19,
      20,
      21,
      22,
      23,
      24,
      25,
      26,
      27,
      28,
      29,
      30,
      31,
      32,
      33,
      34,
      35,
      36,
      37,
      38,
      39,
      40,
      41,
      42,
      43,
      44,
      45,
      46,
      47,
      48,
      49,
      50,
      51,
      52,
      53,
      54,
      55,
      56,
      57,
      58,
      59,
      60,
      61,
      62,
      63,
      64,
      65,
      66
    ],
    "mean": [
      0.0,
      0.01861525731012971,
      0.09892614182646305,
      0.15632856940197984,
      0.2184011649104221,
      0.276917308022431,
      0.3165135445809455,
      0.34588843518852774,
      0.36619085861381706,
      0.3820818665907187,
      0.39665202291593027,
      0.4099247722599124,
      0.42268591554797313,
      0.4393466884263848,
      0.45721465645357356,
      0.47646365415392433,
      0.4932231555065302,
      0.5101790737054263,
      0.5285646552556671,
      0.5470455384308971,
      0.565445504760551,
      0.5798500872882919,
      0.594137532447794,
      0.6076286503514784,
      0.6214666626203454,
      0.6345289648615702,
      0.6470890688968183,
      0.6585481457257388,
      0.6668242519195081,
      0.6752354036502537,
      0.6835485235455885,
      0.6915875943092881,
      0.6980816438786174,
      0.7034097183314582,
      0.7093077088136321,
      0.7166562191769215,
      0.7219231854527338,
      0.7264283308735533,
      0.7326018811787499,
      0.7379781279073139,
      0.7410758073996636,
      0.7452063876290761,
      0.7492794342895023,
      0.7523667788707481,
      0.755498168434708,
      0.758522548804732,
      0.7615184146932337,
      0.7637215101689968,
      0.7670064365629934,
      0.769257633306941,
      0.7714259176321502,
      0.7738757190080352,
      0.7761063330229254,
      0.7772436531645994,
      0.7789585748948862,
      0.7799405702952982,
      0.7824713929953705,
      0.7844016452653335,
      0.7864239305299954,
      0.7886200483095491,
      0.7911097564905476,
      0.7929380993468267,
      0.7938166098805567,
      0.7962962054753308,
      0.7980198756185883,
      0.6700309090174779
    ],
    "std": [
      0.0,
      0.013085779175074837,
      0.023587078947324053,
      0.022584690273405605,
      0.031919452462816716,
      0.031064499561049355,
      0.026675616142619714,
      0.022031064312868963,
      0.01967387205392487,
      0.021311627540137483,
      0.021721361905497002,
      0.022620838142607846,
      0.025579491442017793,
      0.027645894882082845,
      0.02794630169675757,
      0.031013485743345715,
      0.03047421974152153,
      0.032700205836058364,
      0.03158907427555855,
      0.029713224354433517,
      0.030549230124756747,
      0.0280708088889108,
      0.027338039404148858,
      0.027025192358699015,
      0.026613550961003027,
      0.024625564960968068,
      0.026339814386689163,
      0.02473454925035275,
      0.024484826679441563,
      0.02522050698233285,
      0.02539229015316336,
      0.02632185900833928,
      0.026650784327183364,
      0.025476064069213725,
      0.02666304516716838,
      0.025020160512663172,
      0.02344920186686235,
      0.022875944914924923,
      0.021711875566462924,
      0.019939378623735154,
      0.01968980176439795,
      0.02081181994343877,
      0.01979406098372276,
      0.01944969214701612,
      0.019240168966514766,
      0.019672186702021206,
      0.020656475795850518,
      0.02065989898608324,
      0.020287764336827413,
      0.01966814515460344,
      0.01953526910741851,
      0.018677720951022773,
      0.018959930399584986,
      0.017305435069022324,
      0.018309048836630072,
      0.01757697321735931,
      0.016749546408226325,
      0.01591247464469316,
      0.015104950765985935,
      0.015159144208294908,
      0.015173166748220638,
      0.015875966265632466,
      0.016084362594902514,
      0.014719240857635433,
      0.014470947952073241,
      0.2935977200811201
    ],
    "variance": [
      0.0,
      0.00017123761661882227,
      0.0005563502932672975,
      0.0005100682347456617,
      0.0010188514455260161,
      0.0009650031329784355,
      0.0007115884965883934,
      0.0004853677947577684,
      0.00038706124159420597,
      0.0004541854684095464,
      0.00047181756302957633,
      0.000511702318274062,
      0.0006543103824322615,
      0.0007642955038311745,
      0.0007809957785261952,
      0.000961836297952708,
      0.0009286780688545405,
      0.0010693034617205856,
      0.000997869613586755,
      0.0008828757015369011,
      0.0009332554612153451,
      0.0007879703116777535,
      0.0007473683984627956,
      0.0007303610220246836,
      0.0007082810947539051,
      0.0006064184496468582,
      0.0006937858219252374,
      0.0006117979266181258,
      0.0005995067375222933,
      0.0006360739724459001,
      0.0006447683992224369,
      0.0006928402616548917,
      0.0007102643052540425,
      0.0006490298404586825,
      0.000710917977586461,
      0.0006260084320794295,
      0.0005498650681928606,
      0.0005233088557506794,
      0.0004714055406135697,
      0.0003975788199006664,
      0.0003876882935212887,
      0.00043313184935811575,
      0.0003918048502273357,
      0.0003782905246137005,
      0.0003701841018600379,
      0.00038699492963917997,
      0.0004266899923045583,
      0.00042683142611516325,
      0.0004115933817866462,
      0.00038683593382255073,
      0.00038162673909925997,
      0.000348857259924275,
      0.0003594789607571069,
      0.0002994780829281477,
      0.000335221269302105,
      0.0003089499874837665,
      0.0002805473048813274,
      0.00025320684931800266,
      0.00022815953764285907,
      0.00022979965312788106,
      0.00023022498916930846,
      0.0002520463048675001,
      0.00025870672008429914,
      0.00021665605142508426,
      0.00020940833463161274,
      0.08619962123683177
    ]
  },
  "social_learning": {
    "timesteps": [
      1,
      2,
      3,
      4,
      5,
      6,
      7,
      8,
      9,
      10,
      11,
      12,
      13,
      14,
      15,
      16,
      17,
      18,
      19,
      20,
      21,
      22,
      23,
      24,
      25,
      26,
      27,
      28,
      29,
      30,
      31,
      32,
      33,
      34,
      35,
      36,
      37,
      38,
      39,
      40,
      41,
      42,
      43,
      44,
      45,
      46,
      47,
      48,
      49,
      50,
      51,
      52,
      53,
      54,
      55,
      56,
      57,
      58,
      59,
      60,
      61,
      62,
      63,
      64,
      65,
      66
    ],