{
  "0": [
    "",
    "",
    "",
    "\"\""
  ],
  "0_score": [
    0.0,
    0.0,
    0.0,
    0.19703881442546847,
    0.19703881442546847
  ],
  "1": [
    "",
    "",
    "Workshops on networking etiquette begin in the adjoining classroom.",
    "Workshops on networking etiquette begin in the adjoining classroom, and career counselors redirect unsure students toward applicable industries."
  ],
  "1_score": [
    0.0,
    0.0,
    0.32105120569865975,
    0.32105120569865975,
    0.3701982384808654
  ],
  "2": [
    "",
    "",
    "",
    "",
    "",
    "\"\"",
    "\"\""
  ],
  "2_score": [
    0.0,
    0.0,
    0.0,
    0.0,
    0.19703881442546847
  ],
  "3": [
    "",
    "",
    "",
    "",
    "Some students rehearse elevator pitches quietly against the wall."
  ],
  "3_score": [
    0.0,
    0.0,
    0.0,
    0.0,
    0.2517356866071708
  ],
  "4": [
    "",
    "",
    "",
    "Some students quietly rehearse elevator pitches against the wall.",
    "Some students quietly rehearse elevator pitches against the wall."
  ],
  "4_score": [
    0.0,
    0.0,
    0.0,
    0.26962169343929365,
    0.26962169343929365
  ],
  "5": [
    "",
    "",
    "",
    "At the entrance, event staff scan registrations and hand out lanyards."
  ],
  "5_score": [
    0.0,
    0.0,
    0.0,
    0.3751304216956524,
    0.3751304216956524
  ],
  "6": [
    "",
    "",
    "\"\""
  ],
  "6_score": [
    0.0,
    0.0,
    0.19703881442546847,
    0.19703881442546847,
    0.19703881442546847
  ],
  "7": [
    "",
    "",
    "\"\"",
    "\"\""
  ],
  "7_score": [
    0.0,
    0.0,
    0.19703881442546847,
    0.19703881442546847,
    0.19703881442546847
  ],
  "8": [
    "",
    "",
    "",
    "",
    "Human resources teams jot notes on tablets as students introduce themselves, a concurrent activity in which HR staff record information while the students present. The tablets are used by HR teams for note-taking during the introductions, with no additional objects or events described."
  ],
  "8_score": [
    0.0,
    0.0,
    0.0,
    0.0,
    0.38527032567652675
  ],
  "9": [
    "",
    "",
    "\"\"",
    "\"\""
  ],
  "9_score": [
    0.0,
    0.0,
    0.19703881442546847,
    0.19703881442546847,
    0.19703881442546847
  ],
  "10": [
    "",
    "",
    "",
    "Tech companies display demo screens showing their latest apps."
  ],
  "10_score": [
    0.0,
    0.0,
    0.0,
    0.4034518193692507,
    0.4034518193692507
  ],
  "11": [
    "",
    "",
    "",
    "\"\""
  ],
  "11_score": [
    0.0,
    0.0,
    0.0,
    0.19703881442546847,
    0.19703881442546847
  ],
  "12": [
    "",
    "",
    "\"\"",
    "\"\""
  ],
  "12_score": [
    0.0,
    0.0,
    0.19703881442546847,
    0.19703881442546847,
    0.19703881442546847
  ],
  "13": [
    "",
    "",
    "",
    "Students line up outside the university gym in advance of the career fair opening."
  ],
  "13_score": [
    0.0,
    0.0,
    0.0,
    0.41626151280539553,
    0.41626151280539553
  ],
  "14": [
    "",
    "",
    "\"\""
  ],
  "14_score": [
    0.0,
    0.0,
    0.19703881442546847,
    0.19703881442546847,
    0.19703881442546847
  ],
  "15": [
    "",
    "",
    "",
    "",
    "Alumni volunteers share quick pep talks near the coffee station."
  ],
  "15_score": [
    0.0,
    0.0,
    0.0,
    0.0,
    0.33928313829666595
  ],
  "16": [
    "",
    "",
    "",
    "",
    "",
    "",
    "\"\""
  ],
  "16_score": [
    0.0,
    0.0,
    0.0,
    0.0,
    0.0
  ],
  "17": [
    "",
    "",
    "",
    "",
    "Dozens of booths with colorful banners circle the polished floor, forming a circular ring around the space."
  ],
  "17_score": [
    0.0,
    0.0,
    0.0,
    0.0,
    0.2997826444441749
  ],
  "18": [
    "",
    "",
    "",
    "\"\""
  ],
  "18_score": [
    0.0,
    0.0,
    0.0,
    0.19703881442546847,
    0.19703881442546847
  ],
  "19": [
    "",
    "",
    "\"\"",
    "A cybersecurity company runs a password cracking challenge on a laptop."
  ],
  "19_score": [
    0.0,
    0.0,
    0.19703881442546847,
    0.19703881442546847,
    0.19703881442546847
  ],
  "20": [
    "",
    "",
    "",
    "",
    "",
    "\"\""
  ],
  "20_score": [
    0.0,
    0.0,
    0.0,
    0.0,
    0.0
  ],
  "21": [
    "",
    "",
    "\"\"",
    "\"\"",
    "\"\""
  ],
  "21_score": [
    0.0,
    0.0,
    0.19703881442546847,
    0.19703881442546847,
    0.19703881442546847
  ],
  "22": [
    "",
    "",
    "Groups of friends mark target employers on the event map.",
    "Groups of friends mark target employers on the event map."
  ],
  "22_score": [
    0.0,
    0.0,
    0.3812926829585004,
    0.3812926829585004,
    0.3812926829585004
  ],
  "23": [
    "",
    "",
    "",
    "A welcome announcement is broadcast over the PA system, outlining the fair schedule.",
    "A welcome announcement is broadcast over the PA system, outlining the fair schedule."
  ],
  "23_score": [
    0.0,
    0.0,
    0.0,
    0.3808251134824298,
    0.3808251134824298
  ],
  "24": [
    "",
    "\"\"",
    "\"\"",
    "\"\""
  ],
  "24_score": [
    0.0,
    0.19703881442546847,
    0.19703881442546847,
    0.19703881442546847,
    0.19703881442546847
  ],
  "25": [
    "",
    "",
    "",
    "\"\""
  ],
  "25_score": [
    0.0,
    0.0,
    0.0,
    0.19703881442546847,
    0.19703881442546847
  ],
  "26": [
    "",
    "",
    "\"\"",
    "\"\""
  ],
  "26_score": [
    0.0,
    0.0,
    0.19703881442546847,
    0.19703881442546847,
    0.19703881442546847
  ],
  "27": [
    "",
    "",
    "\"\"",
    "\"\""
  ],
  "27_score": [
    0.0,
    0.0,
    0.19703881442546847,
    0.19703881442546847,
    0.19703881442546847
  ],
  "28": [
    "",
    "",
    "\"\"",
    "\"\""
  ],
  "28_score": [
    0.0,
    0.0,
    0.19703881442546847,
    0.19703881442546847,
    0.19703881442546847
  ],
  "29": [
    "",
    "",
    "",
    "\"\""
  ],
  "29_score": [
    0.0,
    0.0,
    0.0,
    0.19703881442546847,
    0.19703881442546847
  ],
  "30": [
    "",
    "",
    "\"\"",
    "\"\""
  ],
  "30_score": [
    0.0,
    0.0,
    0.19703881442546847,
    0.19703881442546847,
    0.19703881442546847
  ],
  "31": [
    "",
    "",
    "",
    "",
    "Finance firms offer QR codes for immediate internship applications."
  ],
  "31_score": [
    0.0,
    0.0,
    0.0,
    0.0,
    0.38653269686466674
  ],
  "32": [
    "",
    "",
    "Healthcare providers showcase community outreach photos.",
    "Healthcare providers showcase community outreach photos."
  ],
  "32_score": [
    0.0,
    0.0,
    0.30314353222554347,
    0.30314353222554347,
    0.30314353222554347
  ],
  "33": [
    "",
    "\"\"",
    "\"\""
  ],
  "33_score": [
    0.0,
    0.19703881442546847,
    0.19703881442546847,
    0.19703881442546847,
    0.19703881442546847
  ],
  "34": [
    "",
    "",
    "",
    "",
    "\"\""
  ],
  "34_score": [
    0.0,
    0.0,
    0.0,
    0.0,
    0.19703881442546847
  ],
  "35": [
    "",
    "",
    "\"\"",
    "\"\""
  ],
  "35_score": [
    0.0,
    0.0,
    0.19703881442546847,
    0.19703881442546847,
    0.19703881442546847
  ],
  "36": [
    "",
    "",
    "\"\"",
    "\"\""
  ],
  "36_score": [
    0.0,
    0.0,
    0.19703881442546847,
    0.19703881442546847,
    0.19703881442546847
  ],
  "37": [
    "",
    "",
    "",
    "",
    "",
    "",
    "\"\""
  ],
  "37_score": [
    0.0,
    0.0,
    0.0,
    0.0,
    0.0
  ],
  "38": [
    "",
    "",
    "",
    "\"\""
  ],
  "38_score": [
    0.0,
    0.0,
    0.0,
    0.19703881442546847,
    0.19703881442546847
  ],
  "39": [
    "",
    "",
    "",
    "",
    "",
    "",
    "\"\""
  ],
  "39_score": [
    0.0,
    0.0,
    0.0,
    0.0,
    0.0
  ],
  "40": [
    "",
    "",
    "",
    "The engineering society sponsors a resume review table near the stage."
  ],
  "40_score": [
    0.0,
    0.0,
    0.0,
    0.41316526323728114,
    0.41316526323728114
  ],
  "41": [
    "",
    "",
    "\"\"",
    "\"\""
  ],